<?xml version="1.0" encoding="UTF-8"?>
<beans xmlns="http://www.springframework.org/schema/beans"
	xmlns:xsi="http://www.w3.org/2001/XMLSchema-instance" xmlns:p="http://www.springframework.org/schema/p"
	xmlns:util="http://www.springframework.org/schema/util"
	xmlns:context="http://www.springframework.org/schema/context"
	xmlns:mvc="http://www.springframework.org/schema/mvc"
	xsi:schemaLocation="
           http://www.springframework.org/schema/beans
           http://www.springframework.org/schema/beans/spring-beans-3.2.xsd
           http://www.springframework.org/schema/util 
        	   http://www.springframework.org/schema/util/spring-util.xsd
           http://www.springframework.org/schema/context
           http://www.springframework.org/schema/context/spring-context-3.2.xsd
           http://www.springframework.org/schema/mvc
           http://www.springframework.org/schema/mvc/spring-mvc-3.2.xsd">

	<!-- to activate annotations in beans already registered in the ApplicationContext -->
	<bean id="authMatchProps"
		class="com.aexp.gms.risk.authmatch.util.AuthMatchPropertyPlaceholderConfigurer">
		<property name="ignoreResourceNotFound" value="false" />
		<property name="ignoreUnresolvablePlaceholders" value="true" />
		<property name="locations">
			<list>
				<value>classpath:global.properties</value>
				<value>classpath:environment_${spring.profiles.active:e0}.properties
				</value>
			</list>
		</property>
		<!-- The below property is to make sure to override the property TRUSTSTOREPATH 
			which is in env properties file. This one actually comes from voltage utility 
			jar tlcm-util -->
		<property name="order" value="9999" />
	</bean>
	
	
   <bean id="kafkaProducerConfig" class="com.aexp.gms.risk.authmatch.util.KafkaProducerConfig"/>
	
	
<!--  	<bean id="igniteProvider" class="com.aexp.gmnt.imc.ignite.IgniteProvider" />
 -->
 	<bean id="igniteProvider" class="com.aexp.gms.risk.authmatch.dao.IgniteProvider">
	</bean>
	<bean id="authMatchDAOImpl" class="com.aexp.gms.risk.authmatch.dao.AuthMatchDAOImpl">
         <property name="cacheProvider" ref="igniteProvider"/>
	</bean>

	<bean id="seChar501DAOImpl" class="com.aexp.gms.risk.authmatch.dao.SeChar501IgniteImpl">
		<constructor-arg  ref="igniteProvider"/>
	</bean>



	<bean id="rocAuthSEHistoryDaoImpl" class="com.aexp.gms.risk.authmatch.dao.RocAuthSeHistoryIgniteImpl">
		<constructor-arg  ref="igniteProvider"/>
	</bean>

	<bean id="riskAssessmentThresholdDaoImpl" class="com.aexp.gms.risk.authmatch.dao.RiskAssessmentThresholdIgniteImpl">
		<constructor-arg  ref="igniteProvider"/>
	</bean>


	<bean id="cassandraMatchResultDAO" class="com.aexp.gms.risk.data.CassandraMatchResultDAOImpl" >

	</bean>
	<bean id="rocAuthCassandraSeSubmissionHistoryDAO" class="com.aexp.gms.risk.data.RocAuthSeSubmissionHistoryDAOImpl" >

	</bean>
	<!-- 
	<bean id="igmntIMCCompute" class="com.aexp.gms.risk.authmatch.services.AuthMatchIgniteCompute">
 		<constructor-arg ref="igniteProvider"/>
	</bean>
 -->

	<bean id="authMatchDatabaseDAOImpl" class="com.aexp.gms.risk.data.AuthMatchDatabaseDAOImpl">
	</bean>

	<bean id="authMatchCassBL" class="com.aexp.gms.risk.authmatch.services.AuthMatchCassBL">
 		<constructor-arg ref="authMatchDatabaseDAOImpl"/>
 		<constructor-arg ref="rocAuthCassandraSeSubmissionHistoryDAO"/>
	</bean>


	<bean id="backoffJitter" class="com.aexp.gms.risk.authmatch.rest.client.BackoffJitter">

	</bean>
	<bean id="restClientError" class="com.aexp.gms.risk.authmatch.rest.client.RiskRestClientErrorHandler">

	</bean>
	<bean id="casHighRiskAssessApi" class="com.aexp.gms.risk.authmatch.rest.client.CasHighRiskAssessApi">
		<constructor-arg ref="restClientError"/>
		<constructor-arg ref="backoffJitter"/>

	</bean>
     <bean id="clusterUpdateAPI" class="com.aexp.gms.risk.authmatch.rest.client.AuthMatchClusterUpdateAPI"/>
     
     <bean id="authLoadClientAPI" class="com.aexp.gms.risk.authmatch.rest.client.AuthLoadClient"/>


	<bean id="authMatchServiceImpl" class="com.aexp.gms.risk.authmatch.services.AuthMatchServiceImpl">
 		<constructor-arg ref="authMatchDAOImpl"/>
 		<constructor-arg ref="seChar501DAOImpl"/>
		<constructor-arg ref="cassandraMatchResultDAO"/>
 		<constructor-arg ref="authMatchCassBL"/>
		<constructor-arg ref="rocAuthSEHistoryDaoImpl"/>
		<constructor-arg ref="rocAuthCassandraSeSubmissionHistoryDAO"/>
		<constructor-arg ref="casHighRiskAssessApi"/>
		<constructor-arg ref="riskAssessmentThresholdDaoImpl"/>
		<constructor-arg ref="kafkaProducerConfig"/>
		<constructor-arg ref="clusterUpdateAPI"/>
	</bean>

 	


	<context:component-scan base-package="com.aexp.gms.risk.authmatch,com.aexp.gms.risk.data"/>

	<bean class="org.springframework.context.support.PropertySourcesPlaceholderConfigurer">
        <property name="ignoreUnresolvablePlaceholders" value="true"/>
        <property name="locations">
          <list>
            <value>classpath:environment_e0.properties</value>
          </list>
        </property>
      </bean>
</beans>