<?xml version="1.0" encoding="UTF-8"?>
<!DOCTYPE log4j:configuration SYSTEM "http://logging.apache.org/log4j/1.2.11/log4j.dtd">
<log4j:configuration xmlns:log4j="http://jakarta.apache.org/log4j/" debug="true">   
    <!-- Appenders -->
	<appender name="CONSOLE" class="org.apache.log4j.ConsoleAppender">
		<!-- <param name="Threshold" value="DEBUG"/>  -->
		<!-- <param name="Target" value="System.out" />  -->
		<layout class="org.apache.log4j.PatternLayout">
			<!-- Pattern to output the caller's file name and line number -->
			<param name="ConversionPattern" value="%d{yyyy.MM.dd HH:mm:ss.SSS} | %5p : %n %m%n%n" />
		</layout>
	</appender>
	
	<!-- Enable this when running as standalone console application -->
	
	<AsyncRoot>
		<level value="INFO" />
		<appender-ref ref="CONSOLE" />
	</AsyncRoot>
	<!--   
 	<logger name="org.slf4j.Logger" additivity="false">			
		<level value="DEBUG" />
		<appender-ref ref="CONSOLE" />					
	</logger>	
	 -->
</log4j:configuration>