<?xml version="1.0" encoding="UTF-8" standalone="yes"?>
<gridgain-license version="2.1">
    <id>90c00ae1-c657-4b90-b804-e579453b3976</id>
    <issue-date>03/30/2019</issue-date>
    <maintenance-time>0</maintenance-time>
    <user-org>AMERICAN EXPRESS TRS CO INC</user-org>
    <license-note>Enterprise license for American Express PRODUCTION</license-note>
    <user-www>www.americanexpress.com</user-www>
    <user-email>ratnesh.kakkarakkal@aexp.com</user-email>
    <user-name>Ratnesh Kakkarakkal</user-name>
    <type>ENT</type>
    <expire-date>03/29/2020</expire-date>
    <max-nodes>0</max-nodes>
    <max-cpus>0</max-cpus>
    <max-computers>0</max-computers>
    <grace-period>86400</grace-period>
    <max-uptime>0</max-uptime>
    <signature>302C0214496966909A12A08FBDC1B722E1A7E468912F17C302140DE82852F66E12403742034E3A0CAD971F15CC90</signature>
    <profile name="servers">
        <client-mode>false</client-mode>
        <max-nodes>0</max-nodes>
        <max-cpus>100</max-cpus>
        <max-computers>0</max-computers>
    </profile>
    <profile name="clients">
        <client-mode>true</client-mode>
        <max-nodes>0</max-nodes>
        <max-cpus>0</max-cpus>
        <max-computers>0</max-computers>
    </profile>
</gridgain-license>
