<assembly
        xmlns:xsi="http://www.w3.org/2001/XMLSchema-instance"
        xmlns="http://maven.apache.org/plugins/maven-assembly-plugin/assembly/1.1.2"
        xsi:schemaLocation="http://maven.apache.org/plugins/maven-assembly-plugin/assembly/1.1.2 http://maven.apache.org/xsd/assembly-1.1.2.xsd">
    <id>bin</id>
    <formats>
        <format>tar.gz</format>
    </formats>
    <includeBaseDirectory>false</includeBaseDirectory>
    <fileSets>
        <fileSet>
            <directory>${project.build.directory}/appBundle</directory>
            <outputDirectory>.</outputDirectory>
        </fileSet>
        <fileSet>
            <directory>${project.build.directory}/appBundle/xpresskit</directory>
            <outputDirectory>./xpresskit</outputDirectory>
        </fileSet>
        <fileSet>
            <directory>${project.build.directory}/appBundle/xpresskit/scripts</directory>
            <outputDirectory>./xpresskit/scripts</outputDirectory>
        </fileSet>
    </fileSets>
</assembly>